﻿<?xml version="1.0" encoding="utf-8"?>
<Window caption="0,0,0,36" roundcorner="0,0" size="480,720" sizebox="6,6,6,6" mininfo="480,720" >
  <Font name="微软雅黑" size="16" bold="false" default="true" />
  <Font name="微软雅黑" size="12" bold="false"/>
  <Default name="Combo" value="normalimage=&quot;res='118' restype='png' source='0,0,100,22' corner='2,2,20,2'&quot; hotimage=&quot;res='118' restype='png' source='0,22,100,44' corner='2,2,22,2'&quot; focusedimage=&quot;res='118' restype='png' source='0,22,100,44' corner='2,2,22,2'&quot; pushedimage=&quot;res='118' restype='png' source='0,44,100,66' corner='2,2,22,2'&quot;" />
  <Default name="VScrollBar" value="button1normalimage=&quot;res='119' restype='png' source='0,0,16,16'&quot; button1hotimage=&quot;res='119' restype='png' source='0,0,16,16' mask='#FFFF00FF'&quot; button1pushedimage=&quot;res='119' restype='png' source='0,16,16,32' mask='#FFFF00FF'&quot; button1disabledimage=&quot;res='119' restype='png' source='0,0,16,16' mask='#FFFF00FF'&quot; button2normalimage=&quot;res='119' restype='png' source='0,32,16,48' mask='#FFFF00FF'&quot; button2hotimage=&quot;res='119' restype='png' source='0,32,16,48' mask='#FFFF00FF'&quot; button2pushedimage=&quot;res='119' restype='png' source='0,48,16,64' mask='#FFFF00FF'&quot; button2disabledimage=&quot;res='119' restype='png' source='0,32,16,48' mask='#FFFF00FF'&quot; thumbnormalimage=&quot;res='119' restype='png' source='0,64,16,80' corner='2,2,2,2' mask='#FFFF00FF'&quot; thumbhotimage=&quot;res='119' restype='png' source='0,64,16,80' corner='2,2,2,2' mask='#FFFF00FF'&quot; thumbpushedimage=&quot;res='119' restype='png' source='0,64,16,80' corner='2,2,2,2' mask='#FFFF00FF'&quot; thumbdisabledimage=&quot;res='119' restype='png' source='0,64,16,80' corner='2,2,2,2' mask='#FFFF00FF'&quot; railnormalimage=&quot;res='119' restype='png' source='0,80,16,96' corner='2,2,2,2' mask='#FFFF00FF'&quot; railhotimage=&quot;res='119' restype='png' source='0,80,16,96' corner='2,2,2,2' mask='#FFFF00FF'&quot; railpushedimage=&quot;res='119' restype='png' source='0,96,16,112' corner='2,2,2,2' mask='#FFFF00FF'&quot; raildisabledimage=&quot;res='119' restype='png' source='0,80,16,96' corner='2,2,2,2' mask='#FFFF00FF'&quot; bknormalimage=&quot;res='119' restype='png' source='0,128,16,146' corner='2,2,2,2' mask='#FFFF00FF'&quot; bkhotimage=&quot;res='119' restype='png' source='0,128,16,146' corner='2,2,2,2' mask='#FFFF00FF'&quot; bkpushedimage=&quot;res='119' restype='png' source='0,128,16,146' corner='2,2,2,2' mask='#FFFF00FF'&quot; bkdisabledimage=&quot;res='119' restype='png' source='0,128,16,146' corner='2,2,2,2' mask='#FFFF00FF'&quot; " />
  <Default name="HScrollBar" value="button1normalimage=&quot;res='120' restype='png' source='0,0,16,16'&quot; button1hotimage=&quot;res='120' restype='png' source='0,0,16,16' mask='#FFFF00FF'&quot; button1pushedimage=&quot;res='120' restype='png' source='16,0,32,16' mask='#FFFF00FF'&quot; button1disabledimage=&quot;res='120' restype='png' source='0,0,16,16' mask='#FFFF00FF'&quot; button2normalimage=&quot;res='120' restype='png' source='32,0,48,16' mask='#FFFF00FF'&quot; button2hotimage=&quot;res='120' restype='png' source='32,0,48,16' mask='#FFFF00FF'&quot; button2pushedimage=&quot;res='120' restype='png' source='48,0,64,16' mask='#FFFF00FF'&quot; button2disabledimage=&quot;res='120' restype='png' source='32,0,48,16' mask='#FFFF00FF'&quot; thumbnormalimage=&quot;res='120' restype='png' source='64,0,80,16' corner='2,2,2,2' mask='#FFFF00FF'&quot; thumbhotimage=&quot;res='120' restype='png' source='64,0,80,16' corner='2,2,2,2' mask='#FFFF00FF'&quot; thumbpushedimage=&quot;res='120' restype='png' source='64,0,80,16' corner='2,2,2,2' mask='#FFFF00FF'&quot; thumbdisabledimage=&quot;res='120' restype='png' source='64,0,80,16' corner='2,2,2,2' mask='#FFFF00FF'&quot; railnormalimage=&quot;res='120' restype='png' source='80,0,96,16' corner='2,2,2,2' mask='#FFFF00FF'&quot; railhotimage=&quot;res='120' restype='png' source='80,0,96,16' corner='2,2,2,2' mask='#FFFF00FF'&quot; railpushedimage=&quot;res='120' restype='png' source='96,0,112,16' corner='2,2,2,2' mask='#FFFF00FF'&quot; raildisabledimage=&quot;res='120' restype='png' source='80,0,96,16' corner='2,2,2,2' mask='#FFFF00FF'&quot; bknormalimage=&quot;res='120' restype='png' source='128,0,146,16' corner='2,2,2,2' mask='#FFFF00FF'&quot; bkhotimage=&quot;res='120' restype='png' source='128,0,146,16' corner='2,2,2,2' mask='#FFFF00FF'&quot; bkpushedimage=&quot;res='120' restype='png' source='128,0,146,16' corner='2,2,2,2' mask='#FFFF00FF'&quot; bkdisabledimage=&quot;res='120' restype='png' source='128,0,146,16' corner='2,2,2,2' mask='#FFFF00FF'&quot; " />
  <VerticalLayout name="bg" bkcolor1="#FFFFFFFF" bkcolor2="#FFA6CAF0" bordersize="2" bordercolor="#FF262627">
    <HorizontalLayout height="36" bkcolor="#FF3C3B37">
      <HorizontalLayout width="250" inset="2,2,0,0">
        <Label bkimage="res='139' restype='png'" width="32" height="32"/>
        <Label text="APK签名工具" textpadding="10,0,0,0" textcolor="#FFFFFFFF"/>
      </HorizontalLayout>
      <VerticalLayout />
      <VerticalLayout width="104" padding="0,6,0,0">
        <Button name="minbtn" float="true" pos="0,0,28,19" width="28" height="19" normalimage="res='103' restype='png'" hotimage="res='104' restype='png'" pushedimage="res='105' restype='png'"/>
        <Button name="maxbtn" float="true" pos="28,0,56,19" width="28" height="19" maxheight="19" maxwidth="28"  normalimage="res='106' restype='png'" hotimage="res='107' restype='png'" pushedimage="res='108' restype='png'"/>
        <Button name="restorebtn" visible="false" float="true" pos="28,0,56,19" width="28" height="19" maxheight="19" maxwidth="28"  normalimage="res='109' restype='png'" hotimage="res='110' restype='png'" pushedimage="res='111' restype='png'"/>
        <Button name="closebtn" float="true" pos="56,0,95,19" width="39" height="19" maxheight="19" maxwidth="39"  normalimage="res='112' restype='png'" hotimage="res='113' restype='png'" pushedimage="res='114' restype='png'"/>
      </VerticalLayout>
    </HorizontalLayout>

    <VerticalLayout name="body" padding="2,0,2,0">

      <HorizontalLayout height="100">
        <Option height="65" width="65" padding="8,18,0,0" align="bottom" name="main_tab1" text="签名" textcolor="#FF386382" textpadding="0,0,0,2" foreimage="res='301' restype='png' dest='12,5,52,45'" hotimage="res='116' restype='png' corner='2,3,2,2'" pushedimage="res='117' restype='png' corner='2,5,2,2'" selectedimage="res='117' restype='png' corner='2,5,2,2'" selected="true" group="main_tab"/>
        <Control width="10"/>
        <Option height="65" width="65" padding="8,18,0,0" align="bottom" name="main_tab2" text="设置" textcolor="#FF386382" textpadding="0,0,0,2" foreimage="res='302' restype='png' dest='12,5,52,45'" hotimage="res='116' restype='png' corner='2,3,2,2'" pushedimage="res='117' restype='png' corner='2,5,2,2'" selectedimage="res='117' restype='png' corner='2,5,2,2'" group="main_tab"/>
        <Control />
      </HorizontalLayout>
      <HorizontalLayout padding="8,5,0,0" height="2" bkimage="res='144' restype='png'"/>
      <TabLayout name="main_tab">
        <VerticalLayout>
          <VerticalLayout padding="10,5,10,0" height="90">
            <VerticalLayout height="30">
              <Label text="APK包路径：" height="26" />
            </VerticalLayout>
            <VerticalLayout height="60">
              <Edit text="" name="apk_file" readonly="true" bordercolor="#FF3384D6" height="26" hittext="apk文件路径" hitttextcolor="#FF808080" />
              <Button name="browser_folder" padding="0,5,0,0" bkimage="res='115' restype='png' corner='5,5,5,5'"  text="浏览..." width="120" height="26" hotimage="res='116' restype='png' corner='2,3,2,2'" pushedimage="res='117' restype='png' corner='2,5,2,2'"/>
            </VerticalLayout>
          </VerticalLayout>

          <HorizontalLayout height="30" padding="10,0,10,0">
            <Control />
            <Button name="signbtn" bkimage="res='115' restype='png' corner='5,5,5,5'"  text="签名" width="120" height="26" hotimage="res='116' restype='png' corner='2,3,2,2'" pushedimage="res='117' restype='png' corner='2,5,2,2'"/>
            <Control />
          </HorizontalLayout>

          <VerticalLayout padding="10,5,10,0">
            <HorizontalLayout height="30">
              <Label height="30" text="签名日志：" width="120"/>
              <Button name="clear_log" padding="0,5,0,0" bkimage="res='306' restype='png'"  width="25" height="25" hotimage="res='116' restype='png' corner='2,3,2,2'" pushedimage="res='117' restype='png' corner='2,5,2,2'"/>
            </HorizontalLayout>
            <HorizontalLayout bordersize="1" bordercolor="#FF3384D6" padding="0,5,0,0" inset="5,5,5,5">
              <List name="log_list" header="hidden" itemtextpadding="5,0,1,1" vscrollbar="true" hscrollbar="true" itemselectedimage="res='141' restype='png' corner='6,6,6,6'" >
              </List>
            </HorizontalLayout>
          </VerticalLayout>

        </VerticalLayout>

        <VerticalLayout>
          <VerticalLayout inset="10,0,5,10">

            <VerticalLayout>
              <VerticalLayout>
                <HorizontalLayout bordersize="1">
                  <VerticalLayout width="120" bordersize="1" bordercolor="#FF7DC8F3">
                    <Option selectedfont="1" group="setting_tab" selected="true" name="setting_tab1" text="签名工具"  normalimage="res='304' restype='png' corner='2,3,2,2'" selectedimage="res='305' restype='png' corner='2,3,2,2'" width="120" height="45" textcolor="#FF03418A"/>
                    <Option selectedfont="1" group="setting_tab" name="setting_tab2" text="JDK设置"  normalimage="res='304' restype='png' corner='2,3,2,2'" selectedimage="res='305' restype='png' corner='2,3,2,2'" width="120" height="45" textcolor="#FF03418A"/>
                    <Option selectedfont="1" group="setting_tab" name="setting_tab3" text="签名设置"  normalimage="res='304' restype='png' corner='2,3,2,2'" selectedimage="res='305' restype='png' corner='2,3,2,2'" width="120" height="45" textcolor="#FF03418A" />
                  </VerticalLayout>
                  <TabLayout name="setting_tab" bkcolor="#ffffffff" padding="0,1,1,1" inset="10,5,0,5" >
                    <VerticalLayout padding="10,5,10,0">
                      <VerticalLayout height="120">
                        <Label text="签名工具："/>
                        <Option group="sign_tool_group" name="sign_tool_group1" padding="30,5,0,0" selected="true" text="jarsigner.exe" textpadding="20,0,0,0" align="left"  normalimage="res='127' restype='png' dest='0,5,15,20'" hotimage="res='128' restype='png' dest='0,5,15,20'" selectedimage="res='129' restype='png' dest='0,5,15,20'" />
                        <Option group="sign_tool_group" name="sign_tool_group2" padding="30,0,0,0" text="signapk.jar" textpadding="20,0,0,0" align="left"  normalimage="res='127' restype='png' dest='0,5,15,20'" hotimage="res='128' restype='png' dest='0,5,15,20'" selectedimage="res='129' restype='png' dest='0,5,15,20'" />
                      </VerticalLayout>
                      <Option name="debug_switch" padding="30,5,0,0" height="35" text="显示详细信息" textpadding="20,0,0,0" align="left"  normalimage="res='124' restype='png' dest='0,10,15,25'" hotimage="res='125' restype='png' dest='0,10,15,25'" selectedimage="res='126' restype='png' dest='0,10,15,25'"/>
                    </VerticalLayout>

                    <VerticalLayout padding="10,5,10,0" height="90">
                      <VerticalLayout height="30">
                        <Label text="JDK安装路径：" height="26" />
                      </VerticalLayout>
                      <VerticalLayout height="60">
                        <Edit text="" name="jdk_path" readonly="true" bordercolor="#FF3384D6" height="26" hittext="jdk安装路径" hitttextcolor="#FF808080" />
                        <Button name="jdk_folder" padding="0,5,0,0" bkimage="res='115' restype='png' corner='5,5,5,5'"  text="设置目录..." width="120" height="26" hotimage="res='116' restype='png' corner='2,3,2,2'" pushedimage="res='117' restype='png' corner='2,5,2,2'"/>
                      </VerticalLayout>
                    </VerticalLayout>

                    <VerticalLayout padding="10,5,10,0">
                      <VerticalLayout height="30">
                        <Label text="Android SDK安装路径：" height="26" />
                      </VerticalLayout>
                      <VerticalLayout height="60" padding="0,5,0,0">
                        <Edit text="" name="android_sdk" readonly="true" bordercolor="#FF3384D6" height="26" hittext="Android SDK安装路径" hitttextcolor="#FF808080" />
                        <Button name="android_sdk_folder" padding="0,5,0,0" bkimage="res='115' restype='png' corner='5,5,5,5'"  text="设置目录..." width="120" height="26" hotimage="res='116' restype='png' corner='2,3,2,2'" pushedimage="res='117' restype='png' corner='2,5,2,2'"/>
                      </VerticalLayout>

                      <VerticalLayout height="30">
                        <Label text="keystore存放路径：" height="26" />
                      </VerticalLayout>
                      <VerticalLayout height="60" padding="0,5,0,0">
                        <Edit text="" name="keystore_file" readonly="true" bordercolor="#FF3384D6" height="26" hittext="keystore存放路径" hitttextcolor="#FF808080" />
                        <Button name="keystore_folder" padding="0,5,0,0" bkimage="res='115' restype='png' corner='5,5,5,5'"  text="设置目录..." width="120" height="26" hotimage="res='116' restype='png' corner='2,3,2,2'" pushedimage="res='117' restype='png' corner='2,5,2,2'"/>
                      </VerticalLayout>
                      <HorizontalLayout height="30" padding="0,5,0,0">
                        <Label text="密码：" height="26" width="60"/>
                        <Edit text="" name="keystore_password" readonly="false" bordercolor="#FF3384D6" height="26" width="240" password="true" hittext="keystore密码" hitttextcolor="#FF808080"/>
                      </HorizontalLayout>

                      <HorizontalLayout height="30" padding="0,5,0,0">
                        <Label text="别名：" height="26" width="60"/>
                        <Edit text="" name="keystore_alias" readonly="false" bordercolor="#FF3384D6" height="26" width="240" hittext="keystore别名" hitttextcolor="#FF808080" />
                      </HorizontalLayout>

                      <VerticalLayout height="30" padding="0,5,0,0">
                        <Label text="签名apk保存路径：" height="26" />
                      </VerticalLayout>
                      <VerticalLayout height="60">
                        <Edit text="" name="apk_save_path" readonly="true" bordercolor="#FF3384D6" height="26" hittext="签名apk保存路径" hitttextcolor="#FF808080" />
                        <Button name="apk_save_folder" padding="0,5,0,0" bkimage="res='115' restype='png' corner='5,5,5,5'"  text="设置目录..." width="120" height="26" hotimage="res='116' restype='png' corner='2,3,2,2'" pushedimage="res='117' restype='png' corner='2,5,2,2'"/>
                      </VerticalLayout>

                    </VerticalLayout>
                    <VerticalLayout padding="10,5,10,0">

                    </VerticalLayout>
                  </TabLayout>
                </HorizontalLayout>
              </VerticalLayout>

              <HorizontalLayout height="30" padding="10,5,10,0">
                <Control />
                <Button name="savebtn" bkimage="res='115' restype='png' corner='5,5,5,5'"  text="保存" width="120" height="26" hotimage="res='116' restype='png' corner='2,3,2,2'" pushedimage="res='117' restype='png' corner='2,5,2,2'"/>
              </HorizontalLayout>
            </VerticalLayout>

          </VerticalLayout>
        </VerticalLayout>
      </TabLayout>

    </VerticalLayout>

    <VerticalLayout height="30" padding="10,0,10,5">
      <HorizontalLayout height="2" bkimage="res='144' restype='png'"/>
      <HorizontalLayout>
        <Label name="version" text="" font="1" textcolor="#FF3384D6"/>
        <Label text="achellies 版权所有" font="1" textcolor="#FF3384D6" align="right"/>
      </HorizontalLayout>
    </VerticalLayout>

  </VerticalLayout>
</Window>